{
  "metadata": {
    "generated_at": "2025-11-09T09:56:21.819910",
    "version": "1.0",
    "description": "Rational approximation coefficients for inverse normal CDF"
  },
  "central_region": {
    "coefficients_a": [
      2.5066328488008423,
      -14.224250922294921,
      14.44893119014404,
      11.247432079926643,
      6.233390081346966,
      5.357397078550605,
      1.5476396439787012
    ],
    "coefficients_b": [
      1.0,
      -6.721659783948956,
      10.495242489095467,
      2.7636684088578596,
      -1.2353886834536598,
      -4.07367542167375,
      0.9576785507368641
    ],
    "degree_m": 6,
    "degree_n": 6,
    "max_error": 1.3910756180735007e-05,
    "mean_error": 1.21222017564898e-06,
    "num_samples": 776
  },
  "tail_region": {
    "coefficients_c": [
      -1.687872225789324,
      3.687746846448786,
      -2.179795919414893,
      0.2762707414104419,
      -0.041076450525650045,
      0.003530663936248291,
      -0.00018763628057519681,
      3.3355934203617515e-05,
      -6.0299446450047134e-06
    ],
    "coefficients_d": [
      1.0,
      -1.1033211874530113,
      -0.04298807817736785,
      0.026063692637152653,
      -0.006333889516508185,
      0.0008073182985944637,
      -3.3591710447693734e-05,
      -3.4767972884079605e-06,
      -4.3097023586967954e-08
    ],
    "degree_p": 8,
    "degree_q": 8,
    "max_error": 2.7425557540539103e-06,
    "mean_error": 9.102334070310025e-07,
    "num_samples": 200
  },
  "parameters": {
    "x_low": 0.02425,
    "x_high": 0.97575
  }
}