{
  "metadata": {
    "generated_at": "2025-11-09T13:19:40.842903",
    "version": "1.0",
    "description": "Rational approximation coefficients for inverse normal CDF"
  },
  "central_region": {
    "coefficients_a": [
      2.5066328544908596,
      -14.222365895813956,
      14.439409922315017,
      11.255878504799055,
      6.235951994187553,
      5.360984236954892,
      1.5482928498700073
    ],
    "coefficients_b": [
      1.0,
      -6.720907494037537,
      10.49064736555859,
      2.770230007345471,
      -1.2359060886499527,
      -4.071878664464104,
      0.9604872394541888
    ],
    "degree_m": 6,
    "degree_n": 6,
    "max_error": 1.3917513857153452e-05,
    "mean_error": 1.2129464209337694e-06,
    "num_samples": 776
  },
  "tail_region": {
    "coefficients_c": [
      -1.8580329816486103,
      2.588225612061148,
      -0.9458143568290986,
      0.09635777642798729,
      -0.010933617821828048,
      0.0011510958453923776,
      -7.697710330474195e-05,
      7.091999104160254e-06,
      -1.637883410810526e-06
    ],
    "coefficients_d": [
      1.0,
      -0.3643167149463678,
      -0.059728100660610434,
      0.01917808555073034,
      -0.002882548470945496,
      0.0002860918773389828,
      -1.430583773078768e-05,
      -9.340241703516925e-07,
      -9.914343700468198e-09
    ],
    "degree_p": 8,
    "degree_q": 8,
    "max_error": 5.577336178230752e-06,
    "mean_error": 1.435348166773931e-06,
    "num_samples": 200
  },
  "parameters": {
    "x_low": 0.02425,
    "x_high": 0.97575
  }
}